date,timestamp,metal,exchange,currency,price,prev_close_price,ch,chp
2020-01-01,1577874600000,XAU,LBMA,USD,1523.0,1523.0,0.0,0.0
2020-01-02,1577961000000,XAU,LBMA,USD,1520.55,1523.0,-2.45,-0.1611
2020-01-03,1578047400000,XAU,LBMA,USD,1547.4,1520.55,26.85,1.7352
2020-01-04,1578133800000,XAU,LBMA,USD,1547.4,1547.4,0.0,0.0
2020-01-05,1578220200000,XAU,LBMA,USD,1547.4,1547.4,0.0,0.0
2020-01-06,1578306600000,XAU,LBMA,USD,1576.85,1547.4,29.45,1.8676
2020-01-07,1578393000000,XAU,LBMA,USD,1566.5,1576.85,-10.35,-0.6607
2020-01-08,1578479400000,XAU,LBMA,USD,1582.85,1566.5,16.35,1.0329
2020-01-09,1578565800000,XAU,LBMA,USD,1547.85,1582.85,-35.0,-2.2612
2020-01-10,1578652200000,XAU,LBMA,USD,1548.8,1547.85,0.95,0.0613
2020-01-11,1578738600000,XAU,LBMA,USD,1548.8,1548.8,0.0,0.0
2020-01-12,1578825000000,XAU,LBMA,USD,1548.8,1548.8,0.0,0.0
2020-01-13,1578911400000,XAU,LBMA,USD,1550.35,1548.8,1.55,0.1
2020-01-14,1578997800000,XAU,LBMA,USD,1544.95,1550.35,-5.4,-0.3495
2020-01-15,1579084200000,XAU,LBMA,USD,1551.9,1544.95,6.95,0.4478
2020-01-16,1579170600000,XAU,LBMA,USD,1555.2,1551.9,3.3,0.2122
2020-01-17,1579257000000,XAU,LBMA,USD,1556.5,1555.2,1.3,0.0835
2020-01-18,1579343400000,XAU,LBMA,USD,1556.5,1556.5,0.0,0.0
2020-01-19,1579429800000,XAU,LBMA,USD,1556.5,1556.5,0.0,0.0
2020-01-20,1579516200000,XAU,LBMA,USD,1559.25,1556.5,2.75,0.1764
2020-01-21,1579602600000,XAU,LBMA,USD,1556.25,1559.25,-3.0,-0.1928
2020-01-22,1579689000000,XAU,LBMA,USD,1558.1,1556.25,1.85,0.1187
2020-01-23,1579775400000,XAU,LBMA,USD,1554.05,1558.1,-4.05,-0.2606
2020-01-24,1579861800000,XAU,LBMA,USD,1561.85,1554.05,7.8,0.4994
2020-01-25,1579948200000,XAU,LBMA,USD,1561.85,1561.85,0.0,0.0
2020-01-26,1580034600000,XAU,LBMA,USD,1561.85,1561.85,0.0,0.0
2020-01-27,1580121000000,XAU,LBMA,USD,1583.45,1561.85,21.6,1.3641
2020-01-28,1580207400000,XAU,LBMA,USD,1579.6,1583.45,-3.85,-0.2437
2020-01-29,1580293800000,XAU,LBMA,USD,1571.2,1579.6,-8.4,-0.5346
2020-01-30,1580380200000,XAU,LBMA,USD,1580.4,1571.2,9.2,0.5821
2020-01-31,1580466600000,XAU,LBMA,USD,1580.85,1580.4,0.45,0.0285
2020-02-01,1580553000000,XAU,LBMA,USD,1580.85,1580.85,0.0,0.0
2020-02-02,1580639400000,XAU,LBMA,USD,1580.85,1580.85,0.0,0.0
2020-02-03,1580725800000,XAU,LBMA,USD,1578.85,1580.85,-2.0,-0.1267
2020-02-04,1580812200000,XAU,LBMA,USD,1571.2,1578.85,-7.65,-0.4869
2020-02-05,1580898600000,XAU,LBMA,USD,1552.2,1571.2,-19.0,-1.2241
2020-02-06,1580985000000,XAU,LBMA,USD,1564.75,1552.2,12.55,0.802
2020-02-07,1581071400000,XAU,LBMA,USD,1568.3,1564.75,3.55,0.2264
2020-02-08,1581157800000,XAU,LBMA,USD,1568.3,1568.3,0.0,0.0
2020-02-09,1581244200000,XAU,LBMA,USD,1568.3,1568.3,0.0,0.0
2020-02-10,1581330600000,XAU,LBMA,USD,1574.05,1568.3,5.75,0.3653
2020-02-11,1581417000000,XAU,LBMA,USD,1567.7,1574.05,-6.35,-0.4051
2020-02-12,1581503400000,XAU,LBMA,USD,1566.75,1567.7,-0.95,-0.0606
2020-02-13,1581589800000,XAU,LBMA,USD,1575.0,1566.75,8.25,0.5238
2020-02-14,1581676200000,XAU,LBMA,USD,1576.35,1575.0,1.35,0.0856
2020-02-15,1581762600000,XAU,LBMA,USD,1576.35,1576.35,0.0,0.0
2020-02-16,1581849000000,XAU,LBMA,USD,1576.35,1576.35,0.0,0.0
2020-02-17,1581935400000,XAU,LBMA,USD,1580.3,1576.35,3.95,0.25
2020-02-18,1582021800000,XAU,LBMA,USD,1588.2,1580.3,7.9,0.4974
2020-02-19,1582108200000,XAU,LBMA,USD,1609.5,1588.2,21.3,1.3234
2020-02-20,1582194600000,XAU,LBMA,USD,1610.35,1609.5,0.85,0.0528
2020-02-21,1582281000000,XAU,LBMA,USD,1633.7,1610.35,23.35,1.4293
2020-02-22,1582367400000,XAU,LBMA,USD,1633.7,1633.7,0.0,0.0
2020-02-23,1582453800000,XAU,LBMA,USD,1633.7,1633.7,0.0,0.0
2020-02-24,1582540200000,XAU,LBMA,USD,1682.35,1633.7,48.65,2.8918
2020-02-25,1582626600000,XAU,LBMA,USD,1655.9,1682.35,-26.45,-1.5973
2020-02-26,1582713000000,XAU,LBMA,USD,1647.95,1655.9,-7.95,-0.4824
2020-02-27,1582799400000,XAU,LBMA,USD,1646.6,1647.95,-1.35,-0.08199999999999999
2020-02-28,1582885800000,XAU,LBMA,USD,1626.35,1646.6,-20.25,-1.2451
2020-02-29,1582972200000,XAU,LBMA,USD,1626.35,1626.35,0.0,0.0
2020-03-01,1583058600000,XAU,LBMA,USD,1626.35,1626.35,0.0,0.0
2020-03-02,1583145000000,XAU,LBMA,USD,1609.7,1626.35,-16.65,-1.0344
2020-03-03,1583231400000,XAU,LBMA,USD,1599.05,1609.7,-10.65,-0.6659999999999999
2020-03-04,1583317800000,XAU,LBMA,USD,1644.8,1599.05,45.75,2.7815
2020-03-05,1583404200000,XAU,LBMA,USD,1647.45,1644.8,2.65,0.1609
2020-03-06,1583490600000,XAU,LBMA,USD,1687.0,1647.45,39.55,2.3444
2020-03-07,1583577000000,XAU,LBMA,USD,1687.0,1687.0,0.0,0.0
2020-03-08,1583663400000,XAU,LBMA,USD,1687.0,1687.0,0.0,0.0
2020-03-09,1583749800000,XAU,LBMA,USD,1676.6,1687.0,-10.4,-0.6203
2020-03-10,1583836200000,XAU,LBMA,USD,1657.4,1676.6,-19.2,-1.1584
2020-03-11,1583922600000,XAU,LBMA,USD,1662.5,1657.4,5.1,0.3068
2020-03-12,1584009000000,XAU,LBMA,USD,1636.65,1662.5,-25.85,-1.5794
2020-03-13,1584095400000,XAU,LBMA,USD,1588.15,1636.65,-48.5,-3.0539
2020-03-14,1584181800000,XAU,LBMA,USD,1588.15,1588.15,0.0,0.0
2020-03-15,1584268200000,XAU,LBMA,USD,1588.15,1588.15,0.0,0.0
2020-03-16,1584354600000,XAU,LBMA,USD,1504.65,1588.15,-83.5,-5.5495
2020-03-17,1584441000000,XAU,LBMA,USD,1472.35,1504.65,-32.3,-2.1938
2020-03-18,1584527400000,XAU,LBMA,USD,1506.0,1472.35,33.65,2.2344
2020-03-19,1584613800000,XAU,LBMA,USD,1480.7,1506.0,-25.3,-1.7087
2020-03-20,1584700200000,XAU,LBMA,USD,1504.45,1480.7,23.75,1.5787
2020-03-21,1584786600000,XAU,LBMA,USD,1504.45,1504.45,0.0,0.0
2020-03-22,1584873000000,XAU,LBMA,USD,1504.45,1504.45,0.0,0.0
2020-03-23,1584959400000,XAU,LBMA,USD,1494.5,1504.45,-9.95,-0.6658
2020-03-24,1585045800000,XAU,LBMA,USD,1599.5,1494.5,105.0,6.5646
2020-03-25,1585132200000,XAU,LBMA,USD,1620.95,1599.5,21.45,1.3233
2020-03-26,1585218600000,XAU,LBMA,USD,1620.1,1620.95,-0.85,-0.0525
2020-03-27,1585305000000,XAU,LBMA,USD,1621.2,1620.1,1.1,0.0679
2020-03-28,1585391400000,XAU,LBMA,USD,1621.2,1621.2,0.0,0.0
2020-03-29,1585474200000,XAU,LBMA,USD,1621.2,1621.2,0.0,0.0
2020-03-30,1585560600000,XAU,LBMA,USD,1624.45,1621.2,3.25,0.2001
2020-03-31,1585647000000,XAU,LBMA,USD,1604.65,1624.45,-19.8,-1.2339
2020-04-01,1585733400000,XAU,LBMA,USD,1594.25,1604.65,-10.4,-0.6523
2020-04-02,1585819800000,XAU,LBMA,USD,1588.05,1594.25,-6.2,-0.3904
2020-04-03,1585906200000,XAU,LBMA,USD,1609.75,1588.05,21.7,1.348
2020-04-04,1585992600000,XAU,LBMA,USD,1609.75,1609.75,0.0,0.0
2020-04-05,1586079000000,XAU,LBMA,USD,1609.75,1609.75,0.0,0.0
2020-04-06,1586165400000,XAU,LBMA,USD,1636.6,1609.75,26.85,1.6406
2020-04-07,1586251800000,XAU,LBMA,USD,1652.2,1636.6,15.6,0.9442
2020-04-08,1586338200000,XAU,LBMA,USD,1649.05,1652.2,-3.15,-0.191
2020-04-09,1586424600000,XAU,LBMA,USD,1662.5,1649.05,13.45,0.809
2020-04-10,1586511000000,XAU,LBMA,USD,1662.5,1662.5,0.0,0.0
2020-04-11,1586597400000,XAU,LBMA,USD,1662.5,1662.5,0.0,0.0
2020-04-12,1586683800000,XAU,LBMA,USD,1662.5,1662.5,0.0,0.0
2020-04-13,1586770200000,XAU,LBMA,USD,1662.5,1662.5,0.0,0.0
2020-04-14,1586856600000,XAU,LBMA,USD,1715.85,1662.5,53.35,3.1092
2020-04-15,1586943000000,XAU,LBMA,USD,1712.25,1715.85,-3.6,-0.2102
2020-04-16,1587029400000,XAU,LBMA,USD,1717.85,1712.25,5.6,0.326
2020-04-17,1587115800000,XAU,LBMA,USD,1693.15,1717.85,-24.7,-1.4588
2020-04-18,1587202200000,XAU,LBMA,USD,1693.15,1693.15,0.0,0.0
2020-04-19,1587288600000,XAU,LBMA,USD,1693.15,1693.15,0.0,0.0
2020-04-20,1587375000000,XAU,LBMA,USD,1684.95,1693.15,-8.2,-0.4867
2020-04-21,1587461400000,XAU,LBMA,USD,1678.6,1684.95,-6.35,-0.3783
2020-04-22,1587547800000,XAU,LBMA,USD,1702.65,1678.6,24.05,1.4125
2020-04-23,1587634200000,XAU,LBMA,USD,1727.55,1702.65,24.9,1.4413
2020-04-24,1587720600000,XAU,LBMA,USD,1727.25,1727.55,-0.3,-0.0174
2020-04-25,1587807000000,XAU,LBMA,USD,1727.25,1727.25,0.0,0.0
2020-04-26,1587893400000,XAU,LBMA,USD,1727.25,1727.25,0.0,0.0
2020-04-27,1587979800000,XAU,LBMA,USD,1717.25,1727.25,-10.0,-0.5823
2020-04-28,1588066200000,XAU,LBMA,USD,1708.1,1717.25,-9.15,-0.5357
2020-04-29,1588152600000,XAU,LBMA,USD,1706.0,1708.1,-2.1,-0.1231
2020-04-30,1588239000000,XAU,LBMA,USD,1716.75,1706.0,10.75,0.6262
2020-05-01,1588325400000,XAU,LBMA,USD,1673.05,1716.75,-43.7,-2.612
2020-05-02,1588411800000,XAU,LBMA,USD,1673.05,1673.05,0.0,0.0
2020-05-03,1588498200000,XAU,LBMA,USD,1673.05,1673.05,0.0,0.0
2020-05-04,1588584600000,XAU,LBMA,USD,1703.7,1673.05,30.65,1.7990000000000002
2020-05-05,1588671000000,XAU,LBMA,USD,1696.3,1703.7,-7.4,-0.4362
2020-05-06,1588757400000,XAU,LBMA,USD,1698.9,1696.3,2.6,0.153
2020-05-07,1588843800000,XAU,LBMA,USD,1688.65,1698.9,-10.25,-0.607
2020-05-08,1588930200000,XAU,LBMA,USD,1688.65,1688.65,0.0,0.0
2020-05-09,1589016600000,XAU,LBMA,USD,1688.65,1688.65,0.0,0.0
2020-05-10,1589103000000,XAU,LBMA,USD,1688.65,1688.65,0.0,0.0
2020-05-11,1589189400000,XAU,LBMA,USD,1698.8,1688.65,10.15,0.5975
2020-05-12,1589275800000,XAU,LBMA,USD,1703.45,1698.8,4.65,0.273
2020-05-13,1589362200000,XAU,LBMA,USD,1699.85,1703.45,-3.6,-0.2118
2020-05-14,1589448600000,XAU,LBMA,USD,1716.4,1699.85,16.55,0.9642
2020-05-15,1589535000000,XAU,LBMA,USD,1734.85,1716.4,18.45,1.0635
2020-05-16,1589621400000,XAU,LBMA,USD,1734.85,1734.85,0.0,0.0
2020-05-17,1589707800000,XAU,LBMA,USD,1734.85,1734.85,0.0,0.0
2020-05-18,1589794200000,XAU,LBMA,USD,1756.9,1734.85,22.05,1.2551
2020-05-19,1589880600000,XAU,LBMA,USD,1735.25,1756.9,-21.65,-1.2477
2020-05-20,1589967000000,XAU,LBMA,USD,1750.05,1735.25,14.8,0.8457
2020-05-21,1590053400000,XAU,LBMA,USD,1732.8,1750.05,-17.25,-0.9955
2020-05-22,1590139800000,XAU,LBMA,USD,1732.45,1732.8,-0.35,-0.0202
2020-05-23,1590226200000,XAU,LBMA,USD,1732.45,1732.45,0.0,0.0
2020-05-24,1590312600000,XAU,LBMA,USD,1732.45,1732.45,0.0,0.0
2020-05-25,1590399000000,XAU,LBMA,USD,1732.45,1732.45,0.0,0.0
2020-05-26,1590485400000,XAU,LBMA,USD,1722.75,1732.45,-9.7,-0.5631
2020-05-27,1590571800000,XAU,LBMA,USD,1705.15,1722.75,-17.6,-1.0322
2020-05-28,1590658200000,XAU,LBMA,USD,1723.3,1705.15,18.15,1.0532
2020-05-29,1590744600000,XAU,LBMA,USD,1725.65,1723.3,2.35,0.1362
2020-05-30,1590831000000,XAU,LBMA,USD,1725.65,1725.65,0.0,0.0
2020-05-31,1590917400000,XAU,LBMA,USD,1725.65,1725.65,0.0,0.0
2020-06-01,1591003800000,XAU,LBMA,USD,1734.8,1725.65,9.15,0.5274
2020-06-02,1591090200000,XAU,LBMA,USD,1740.25,1734.8,5.45,0.3132
2020-06-03,1591176600000,XAU,LBMA,USD,1717.6,1740.25,-22.65,-1.3187
2020-06-04,1591263000000,XAU,LBMA,USD,1706.45,1717.6,-11.15,-0.6534
2020-06-05,1591349400000,XAU,LBMA,USD,1709.55,1706.45,3.1,0.1813
2020-06-06,1591435800000,XAU,LBMA,USD,1709.55,1709.55,0.0,0.0
2020-06-07,1591522200000,XAU,LBMA,USD,1709.55,1709.55,0.0,0.0
2020-06-08,1591608600000,XAU,LBMA,USD,1692.0,1709.55,-17.55,-1.0372
2020-06-09,1591695000000,XAU,LBMA,USD,1707.5,1692.0,15.5,0.9078
2020-06-10,1591781400000,XAU,LBMA,USD,1717.65,1707.5,10.15,0.5909
2020-06-11,1591867800000,XAU,LBMA,USD,1731.9,1717.65,14.25,0.8228
2020-06-12,1591954200000,XAU,LBMA,USD,1735.85,1731.9,3.95,0.2276
2020-06-13,1592040600000,XAU,LBMA,USD,1735.85,1735.85,0.0,0.0
2020-06-14,1592127000000,XAU,LBMA,USD,1735.85,1735.85,0.0,0.0
2020-06-15,1592213400000,XAU,LBMA,USD,1710.4,1735.85,-25.45,-1.4880000000000002
2020-06-16,1592299800000,XAU,LBMA,USD,1728.35,1710.4,17.95,1.0386
2020-06-17,1592386200000,XAU,LBMA,USD,1717.3,1728.35,-11.05,-0.6435
2020-06-18,1592472600000,XAU,LBMA,USD,1732.65,1717.3,15.35,0.8859
2020-06-19,1592559000000,XAU,LBMA,USD,1728.55,1732.65,-4.1,-0.2372
2020-06-20,1592645400000,XAU,LBMA,USD,1728.55,1728.55,0.0,0.0
2020-06-21,1592731800000,XAU,LBMA,USD,1728.55,1728.55,0.0,0.0
2020-06-22,1592818200000,XAU,LBMA,USD,1745.45,1728.55,16.9,0.9682
2020-06-23,1592904600000,XAU,LBMA,USD,1756.6,1745.45,11.15,0.6347
2020-06-24,1592991000000,XAU,LBMA,USD,1775.7,1756.6,19.1,1.0756
2020-06-25,1593077400000,XAU,LBMA,USD,1758.55,1775.7,-17.15,-0.9752
2020-06-26,1593163800000,XAU,LBMA,USD,1762.1,1758.55,3.55,0.2015
2020-06-27,1593250200000,XAU,LBMA,USD,1762.1,1762.1,0.0,0.0
2020-06-28,1593336600000,XAU,LBMA,USD,1762.1,1762.1,0.0,0.0
2020-06-29,1593423000000,XAU,LBMA,USD,1768.8,1762.1,6.7,0.3788
2020-06-30,1593509400000,XAU,LBMA,USD,1770.7,1768.8,1.9,0.1073
2020-07-01,1593595800000,XAU,LBMA,USD,1787.4,1770.7,16.7,0.9343
2020-07-02,1593682200000,XAU,LBMA,USD,1771.85,1787.4,-15.55,-0.8776
2020-07-03,1593768600000,XAU,LBMA,USD,1774.65,1771.85,2.8,0.1578
2020-07-04,1593855000000,XAU,LBMA,USD,1774.65,1774.65,0.0,0.0
2020-07-05,1593941400000,XAU,LBMA,USD,1774.65,1774.65,0.0,0.0
2020-07-06,1594027800000,XAU,LBMA,USD,1774.4,1774.65,-0.25,-0.0141
2020-07-07,1594114200000,XAU,LBMA,USD,1775.5,1774.4,1.1,0.062
2020-07-08,1594200600000,XAU,LBMA,USD,1799.35,1775.5,23.85,1.3255
2020-07-09,1594287000000,XAU,LBMA,USD,1812.45,1799.35,13.1,0.7228
2020-07-10,1594373400000,XAU,LBMA,USD,1805.75,1812.45,-6.7,-0.371
2020-07-11,1594459800000,XAU,LBMA,USD,1805.75,1805.75,0.0,0.0
2020-07-12,1594546200000,XAU,LBMA,USD,1805.75,1805.75,0.0,0.0
2020-07-13,1594632600000,XAU,LBMA,USD,1808.05,1805.75,2.3,0.1272
2020-07-14,1594719000000,XAU,LBMA,USD,1798.2,1808.05,-9.85,-0.5478
2020-07-15,1594805400000,XAU,LBMA,USD,1809.3,1798.2,11.1,0.6135
2020-07-16,1594891800000,XAU,LBMA,USD,1804.6,1809.3,-4.7,-0.2604
2020-07-17,1594978200000,XAU,LBMA,USD,1802.9,1804.6,-1.7,-0.0943
2020-07-18,1595064600000,XAU,LBMA,USD,1802.9,1802.9,0.0,0.0
2020-07-19,1595151000000,XAU,LBMA,USD,1802.9,1802.9,0.0,0.0
2020-07-20,1595237400000,XAU,LBMA,USD,1810.3,1802.9,7.4,0.4088
2020-07-21,1595323800000,XAU,LBMA,USD,1823.2,1810.3,12.9,0.7075
2020-07-22,1595410200000,XAU,LBMA,USD,1851.0,1823.2,27.8,1.5019
2020-07-23,1595496600000,XAU,LBMA,USD,1882.35,1851.0,31.35,1.6655
2020-07-24,1595583000000,XAU,LBMA,USD,1893.85,1882.35,11.5,0.6072
2020-07-25,1595669400000,XAU,LBMA,USD,1893.85,1893.85,0.0,0.0
2020-07-26,1595755800000,XAU,LBMA,USD,1893.85,1893.85,0.0,0.0
2020-07-27,1595842200000,XAU,LBMA,USD,1940.55,1893.85,46.7,2.4065
2020-07-28,1595928600000,XAU,LBMA,USD,1931.65,1940.55,-8.9,-0.4607
2020-07-29,1596015000000,XAU,LBMA,USD,1954.35,1931.65,22.7,1.1615
2020-07-30,1596101400000,XAU,LBMA,USD,1952.2,1954.35,-2.15,-0.1101
2020-07-31,1596187800000,XAU,LBMA,USD,1952.2,1952.2,0.0,0.0
2020-08-01,1596274200000,XAU,LBMA,USD,1952.2,1952.2,0.0,0.0
2020-08-02,1596360600000,XAU,LBMA,USD,1952.2,1952.2,0.0,0.0
2020-08-03,1596447000000,XAU,LBMA,USD,1972.95,1952.2,20.75,1.0517
2020-08-04,1596533400000,XAU,LBMA,USD,1972.25,1972.95,-0.7,-0.0355
2020-08-05,1596619800000,XAU,LBMA,USD,2034.45,1972.25,62.2,3.0573
2020-08-06,1596706200000,XAU,LBMA,USD,2049.15,2034.45,14.7,0.7174
2020-08-07,1596792600000,XAU,LBMA,USD,2061.5,2049.15,12.35,0.5991
2020-08-08,1596879000000,XAU,LBMA,USD,2061.5,2061.5,0.0,0.0
2020-08-09,1596965400000,XAU,LBMA,USD,2061.5,2061.5,0.0,0.0
2020-08-10,1597051800000,XAU,LBMA,USD,2030.3,2061.5,-31.2,-1.5367
2020-08-11,1597138200000,XAU,LBMA,USD,2030.3,2030.3,0.0,0.0
2020-08-12,1597224600000,XAU,LBMA,USD,2030.3,2030.3,0.0,0.0
2020-08-13,1597311000000,XAU,LBMA,USD,2030.3,2030.3,0.0,0.0
2020-08-14,1597397400000,XAU,LBMA,USD,1948.3,2030.3,-82.0,-4.2088
2020-08-15,1597483800000,XAU,LBMA,USD,1948.3,1948.3,0.0,0.0
2020-08-16,1597570200000,XAU,LBMA,USD,1948.3,1948.3,0.0,0.0
2020-08-17,1597656600000,XAU,LBMA,USD,1949.85,1948.3,1.55,0.0795
2020-08-18,1597743000000,XAU,LBMA,USD,2005.15,1949.85,55.3,2.7579
2020-08-19,1597829400000,XAU,LBMA,USD,1993.15,2005.15,-12.0,-0.6021
2020-08-20,1597915800000,XAU,LBMA,USD,1928.05,1993.15,-65.1,-3.3765
2020-08-21,1598002200000,XAU,LBMA,USD,1932.85,1928.05,4.8,0.2483
2020-08-22,1598088600000,XAU,LBMA,USD,1932.85,1932.85,0.0,0.0
2020-08-23,1598175000000,XAU,LBMA,USD,1932.85,1932.85,0.0,0.0
2020-08-24,1598261400000,XAU,LBMA,USD,1947.55,1932.85,14.7,0.7548
2020-08-25,1598347800000,XAU,LBMA,USD,1925.45,1947.55,-22.1,-1.1478
2020-08-26,1598434200000,XAU,LBMA,USD,1918.5,1925.45,-6.95,-0.3623
2020-08-27,1598520600000,XAU,LBMA,USD,1938.8,1918.5,20.3,1.047
2020-08-28,1598607000000,XAU,LBMA,USD,1955.85,1938.8,17.05,0.8717
2020-08-29,1598693400000,XAU,LBMA,USD,1955.85,1955.85,0.0,0.0
2020-08-30,1598779800000,XAU,LBMA,USD,1955.85,1955.85,0.0,0.0
2020-08-31,1598866200000,XAU,LBMA,USD,1955.85,1955.85,0.0,0.0
2020-09-01,1598952600000,XAU,LBMA,USD,1987.95,1955.85,32.1,1.6147
2020-09-02,1599039000000,XAU,LBMA,USD,1969.0,1987.95,-18.95,-0.9624
2020-09-03,1599125400000,XAU,LBMA,USD,1934.1,1969.0,-34.9,-1.8045
2020-09-04,1599211800000,XAU,LBMA,USD,1937.6,1934.1,3.5,0.1806
2020-09-05,1599298200000,XAU,LBMA,USD,1937.6,1937.6,0.0,0.0
2020-09-06,1599384600000,XAU,LBMA,USD,1937.6,1937.6,0.0,0.0
2020-09-07,1599471000000,XAU,LBMA,USD,1928.4,1937.6,-9.2,-0.4771
2020-09-08,1599557400000,XAU,LBMA,USD,1920.6,1928.4,-7.8,-0.4061
2020-09-09,1599643800000,XAU,LBMA,USD,1928.4,1920.6,7.8,0.4045
2020-09-10,1599730200000,XAU,LBMA,USD,1944.8,1928.4,16.4,0.8433
2020-09-11,1599816600000,XAU,LBMA,USD,1944.5,1944.8,-0.3,-0.0154
2020-09-12,1599903000000,XAU,LBMA,USD,1944.5,1944.5,0.0,0.0
2020-09-13,1599989400000,XAU,LBMA,USD,1944.5,1944.5,0.0,0.0
2020-09-14,1600075800000,XAU,LBMA,USD,1942.3,1944.5,-2.2,-0.1133
2020-09-15,1600162200000,XAU,LBMA,USD,1963.55,1942.3,21.25,1.0822
2020-09-16,1600248600000,XAU,LBMA,USD,1964.8,1963.55,1.25,0.0636
2020-09-17,1600335000000,XAU,LBMA,USD,1936.1,1964.8,-28.7,-1.4824
2020-09-18,1600421400000,XAU,LBMA,USD,1954.75,1936.1,18.65,0.9541
2020-09-19,1600507800000,XAU,LBMA,USD,1954.75,1954.75,0.0,0.0
2020-09-20,1600594200000,XAU,LBMA,USD,1954.75,1954.75,0.0,0.0
2020-09-21,1600680600000,XAU,LBMA,USD,1930.9,1954.75,-23.85,-1.2352
2020-09-22,1600767000000,XAU,LBMA,USD,1903.1,1930.9,-27.8,-1.4608
2020-09-23,1600853400000,XAU,LBMA,USD,1888.1,1903.1,-15.0,-0.7944
2020-09-24,1600939800000,XAU,LBMA,USD,1850.75,1888.1,-37.35,-2.0181
2020-09-25,1601026200000,XAU,LBMA,USD,1870.05,1850.75,19.3,1.0321
2020-09-26,1601112600000,XAU,LBMA,USD,1870.05,1870.05,0.0,0.0
2020-09-27,1601199000000,XAU,LBMA,USD,1870.05,1870.05,0.0,0.0
2020-09-28,1601285400000,XAU,LBMA,USD,1850.95,1870.05,-19.1,-1.0319
2020-09-29,1601371800000,XAU,LBMA,USD,1882.4,1850.95,31.45,1.6707
2020-09-30,1601458200000,XAU,LBMA,USD,1883.4,1882.4,1.0,0.0531
2020-10-01,1601544600000,XAU,LBMA,USD,1895.55,1883.4,12.15,0.6409999999999999
2020-10-02,1601631000000,XAU,LBMA,USD,1906.4,1895.55,10.85,0.5691
2020-10-03,1601717400000,XAU,LBMA,USD,1906.4,1906.4,0.0,0.0
2020-10-04,1601803800000,XAU,LBMA,USD,1906.4,1906.4,0.0,0.0
2020-10-05,1601890200000,XAU,LBMA,USD,1899.65,1906.4,-6.75,-0.3553
2020-10-06,1601976600000,XAU,LBMA,USD,1912.5,1899.65,12.85,0.6719
2020-10-07,1602063000000,XAU,LBMA,USD,1888.0,1912.5,-24.5,-1.2977
2020-10-08,1602149400000,XAU,LBMA,USD,1891.35,1888.0,3.35,0.1771
2020-10-09,1602235800000,XAU,LBMA,USD,1912.4,1891.35,21.05,1.1007
2020-10-10,1602322200000,XAU,LBMA,USD,1912.4,1912.4,0.0,0.0
2020-10-11,1602408600000,XAU,LBMA,USD,1912.4,1912.4,0.0,0.0
2020-10-12,1602495000000,XAU,LBMA,USD,1919.8,1912.4,7.4,0.3855
2020-10-13,1602581400000,XAU,LBMA,USD,1920.8,1919.8,1.0,0.0521
2020-10-14,1602667800000,XAU,LBMA,USD,1896.45,1920.8,-24.35,-1.284
2020-10-15,1602754200000,XAU,LBMA,USD,1891.7,1896.45,-4.75,-0.2511
2020-10-16,1602840600000,XAU,LBMA,USD,1908.2,1891.7,16.5,0.8647
2020-10-17,1602927000000,XAU,LBMA,USD,1908.2,1908.2,0.0,0.0
2020-10-18,1603013400000,XAU,LBMA,USD,1908.2,1908.2,0.0,0.0
2020-10-19,1603099800000,XAU,LBMA,USD,1910.0,1908.2,1.8,0.0942
2020-10-20,1603186200000,XAU,LBMA,USD,1906.35,1910.0,-3.65,-0.1915
2020-10-21,1603272600000,XAU,LBMA,USD,1918.95,1906.35,12.6,0.6566
2020-10-22,1603359000000,XAU,LBMA,USD,1916.85,1918.95,-2.1,-0.1096
2020-10-23,1603445400000,XAU,LBMA,USD,1910.6,1916.85,-6.25,-0.3271
2020-10-24,1603531800000,XAU,LBMA,USD,1910.6,1910.6,0.0,0.0
2020-10-25,1603621800000,XAU,LBMA,USD,1910.6,1910.6,0.0,0.0
2020-10-26,1603708200000,XAU,LBMA,USD,1901.6,1910.6,-9.0,-0.4733
2020-10-27,1603794600000,XAU,LBMA,USD,1898.9,1901.6,-2.7,-0.1422
2020-10-28,1603881000000,XAU,LBMA,USD,1896.85,1898.9,-2.05,-0.1081
2020-10-29,1603967400000,XAU,LBMA,USD,1876.85,1896.85,-20.0,-1.0656
2020-10-30,1604053800000,XAU,LBMA,USD,1875.8,1876.85,-1.05,-0.056
2020-10-31,1604140200000,XAU,LBMA,USD,1875.8,1875.8,0.0,0.0
2020-11-01,1604226600000,XAU,LBMA,USD,1875.8,1875.8,0.0,0.0
2020-11-02,1604313000000,XAU,LBMA,USD,1886.75,1875.8,10.95,0.5804
2020-11-03,1604399400000,XAU,LBMA,USD,1899.85,1886.75,13.1,0.6895
2020-11-04,1604485800000,XAU,LBMA,USD,1899.85,1899.85,0.0,0.0
2020-11-05,1604572200000,XAU,LBMA,USD,1916.8,1899.85,16.95,0.8843
2020-11-06,1604658600000,XAU,LBMA,USD,1947.95,1916.8,31.15,1.5991
2020-11-07,1604745000000,XAU,LBMA,USD,1947.95,1947.95,0.0,0.0
2020-11-08,1604831400000,XAU,LBMA,USD,1947.95,1947.95,0.0,0.0
2020-11-09,1604917800000,XAU,LBMA,USD,1957.45,1947.95,9.5,0.4853
2020-11-10,1605004200000,XAU,LBMA,USD,1874.9,1957.45,-82.55,-4.4029
2020-11-11,1605090600000,XAU,LBMA,USD,1876.2,1874.9,1.3,0.0693
2020-11-12,1605177000000,XAU,LBMA,USD,1868.0,1876.2,-8.2,-0.439
2020-11-13,1605263400000,XAU,LBMA,USD,1878.2,1868.0,10.2,0.5431
2020-11-14,1605349800000,XAU,LBMA,USD,1878.2,1878.2,0.0,0.0
2020-11-15,1605436200000,XAU,LBMA,USD,1878.2,1878.2,0.0,0.0
2020-11-16,1605522600000,XAU,LBMA,USD,1892.6,1878.2,14.4,0.7609
2020-11-17,1605609000000,XAU,LBMA,USD,1885.4,1892.6,-7.2,-0.3819
2020-11-18,1605695400000,XAU,LBMA,USD,1877.2,1885.4,-8.2,-0.4368
2020-11-19,1605781800000,XAU,LBMA,USD,1857.4,1877.2,-19.8,-1.0659999999999998
2020-11-20,1605868200000,XAU,LBMA,USD,1867.0,1857.4,9.6,0.5142
2020-11-21,1605954600000,XAU,LBMA,USD,1867.0,1867.0,0.0,0.0
2020-11-22,1606041000000,XAU,LBMA,USD,1867.0,1867.0,0.0,0.0
2020-11-23,1606127400000,XAU,LBMA,USD,1863.8,1867.0,-3.2,-0.1717
2020-11-24,1606213800000,XAU,LBMA,USD,1818.1,1863.8,-45.7,-2.5136
2020-11-25,1606300200000,XAU,LBMA,USD,1808.55,1818.1,-9.55,-0.528
2020-11-26,1606386600000,XAU,LBMA,USD,1814.85,1808.55,6.3,0.3471
2020-11-27,1606473000000,XAU,LBMA,USD,1808.05,1814.85,-6.8,-0.3761
2020-11-28,1606559400000,XAU,LBMA,USD,1808.05,1808.05,0.0,0.0
2020-11-29,1606645800000,XAU,LBMA,USD,1808.05,1808.05,0.0,0.0
2020-11-30,1606732200000,XAU,LBMA,USD,1771.95,1808.05,-36.1,-2.0373
2020-12-01,1606818600000,XAU,LBMA,USD,1796.2,1771.95,24.25,1.3501
2020-12-02,1606905000000,XAU,LBMA,USD,1832.95,1796.2,36.75,2.005
2020-12-03,1606991400000,XAU,LBMA,USD,1834.8,1832.95,1.85,0.1008
2020-12-04,1607077800000,XAU,LBMA,USD,1839.3,1834.8,4.5,0.2447
2020-12-05,1607164200000,XAU,LBMA,USD,1839.3,1839.3,0.0,0.0
2020-12-06,1607250600000,XAU,LBMA,USD,1839.3,1839.3,0.0,0.0
2020-12-07,1607337000000,XAU,LBMA,USD,1832.8,1839.3,-6.5,-0.3546
2020-12-08,1607423400000,XAU,LBMA,USD,1864.5,1832.8,31.7,1.7002
2020-12-09,1607509800000,XAU,LBMA,USD,1859.8,1864.5,-4.7,-0.2527
2020-12-10,1607596200000,XAU,LBMA,USD,1834.2,1859.8,-25.6,-1.3957
2020-12-11,1607682600000,XAU,LBMA,USD,1833.65,1834.2,-0.55,-0.03
2020-12-12,1607769000000,XAU,LBMA,USD,1833.65,1833.65,0.0,0.0
2020-12-13,1607855400000,XAU,LBMA,USD,1833.65,1833.65,0.0,0.0
2020-12-14,1607941800000,XAU,LBMA,USD,1820.25,1833.65,-13.4,-0.7362
2020-12-15,1608028200000,XAU,LBMA,USD,1844.3,1820.25,24.05,1.304
2020-12-16,1608114600000,XAU,LBMA,USD,1861.35,1844.3,17.05,0.916
2020-12-17,1608201000000,XAU,LBMA,USD,1871.95,1861.35,10.6,0.5663
2020-12-18,1608287400000,XAU,LBMA,USD,1878.95,1871.95,7.0,0.3725
2020-12-19,1608373800000,XAU,LBMA,USD,1878.95,1878.95,0.0,0.0
2020-12-20,1608460200000,XAU,LBMA,USD,1878.95,1878.95,0.0,0.0
2020-12-21,1608546600000,XAU,LBMA,USD,1869.25,1878.95,-9.7,-0.5189
2020-12-22,1608633000000,XAU,LBMA,USD,1873.3,1869.25,4.05,0.2162
2020-12-23,1608719400000,XAU,LBMA,USD,1867.1,1873.3,-6.2,-0.3321
2020-12-24,1608805800000,XAU,LBMA,USD,1872.55,1867.1,5.45,0.29100000000000004
2020-12-25,1608892200000,XAU,LBMA,USD,1872.55,1872.55,0.0,0.0
2020-12-26,1608978600000,XAU,LBMA,USD,1872.55,1872.55,0.0,0.0
2020-12-27,1609065000000,XAU,LBMA,USD,1872.55,1872.55,0.0,0.0
2020-12-28,1609151400000,XAU,LBMA,USD,1872.55,1872.55,0.0,0.0
2020-12-29,1609237800000,XAU,LBMA,USD,1873.9,1872.55,1.35,0.07200000000000001
2020-12-30,1609324200000,XAU,LBMA,USD,1877.55,1873.9,3.65,0.1944
2020-12-31,1609410600000,XAU,LBMA,USD,1891.1,1877.55,13.55,0.7165
2021-01-01,1609497000000,XAU,LBMA,USD,1891.1,1891.1,0.0,0.0
2021-01-02,1609583400000,XAU,LBMA,USD,1891.1,1891.1,0.0,0.0
2021-01-03,1609669800000,XAU,LBMA,USD,1891.1,1891.1,0.0,0.0
2021-01-04,1609756200000,XAU,LBMA,USD,1930.8,1891.1,39.7,2.0561
2021-01-05,1609842600000,XAU,LBMA,USD,1946.55,1930.8,15.75,0.8091
2021-01-06,1609929000000,XAU,LBMA,USD,1957.2,1946.55,10.65,0.5441
2021-01-07,1610015400000,XAU,LBMA,USD,1911.05,1957.2,-46.15,-2.4149
2021-01-08,1610101800000,XAU,LBMA,USD,1891.3,1911.05,-19.75,-1.0443
2021-01-09,1610188200000,XAU,LBMA,USD,1891.3,1891.3,0.0,0.0
2021-01-10,1610274600000,XAU,LBMA,USD,1891.3,1891.3,0.0,0.0
2021-01-11,1610361000000,XAU,LBMA,USD,1847.8,1891.3,-43.5,-2.3542
2021-01-12,1610447400000,XAU,LBMA,USD,1861.85,1847.8,14.05,0.7546
2021-01-13,1610533800000,XAU,LBMA,USD,1852.4,1861.85,-9.45,-0.5101
2021-01-14,1610620200000,XAU,LBMA,USD,1840.25,1852.4,-12.15,-0.6602
2021-01-15,1610706600000,XAU,LBMA,USD,1853.85,1840.25,13.6,0.7336
2021-01-16,1610793000000,XAU,LBMA,USD,1853.85,1853.85,0.0,0.0
2021-01-17,1610879400000,XAU,LBMA,USD,1853.85,1853.85,0.0,0.0
2021-01-18,1610965800000,XAU,LBMA,USD,1833.95,1853.85,-19.9,-1.0851
2021-01-19,1611052200000,XAU,LBMA,USD,1843.1,1833.95,9.15,0.4964
2021-01-20,1611138600000,XAU,LBMA,USD,1854.6,1843.1,11.5,0.6201
2021-01-21,1611225000000,XAU,LBMA,USD,1867.65,1854.6,13.05,0.6987
2021-01-22,1611311400000,XAU,LBMA,USD,1853.6,1867.65,-14.05,-0.758
2021-01-23,1611397800000,XAU,LBMA,USD,1853.6,1853.6,0.0,0.0
2021-01-24,1611484200000,XAU,LBMA,USD,1853.6,1853.6,0.0,0.0
2021-01-25,1611570600000,XAU,LBMA,USD,1855.6,1853.6,2.0,0.1078
2021-01-26,1611657000000,XAU,LBMA,USD,1853.2,1855.6,-2.4,-0.1295
2021-01-27,1611743400000,XAU,LBMA,USD,1846.4,1853.2,-6.8,-0.3683
2021-01-28,1611829800000,XAU,LBMA,USD,1839.65,1846.4,-6.75,-0.3669
2021-01-29,1611916200000,XAU,LBMA,USD,1852.7,1839.65,13.05,0.7044
2021-01-30,1612002600000,XAU,LBMA,USD,1852.7,1852.7,0.0,0.0
2021-01-31,1612089000000,XAU,LBMA,USD,1852.7,1852.7,0.0,0.0
2021-02-01,1612175400000,XAU,LBMA,USD,1857.8,1852.7,5.1,0.2745
2021-02-02,1612261800000,XAU,LBMA,USD,1847.1,1857.8,-10.7,-0.5793
2021-02-03,1612348200000,XAU,LBMA,USD,1834.7,1847.1,-12.4,-0.6759
2021-02-04,1612434600000,XAU,LBMA,USD,1811.55,1834.7,-23.15,-1.2779
2021-02-05,1612521000000,XAU,LBMA,USD,1808.55,1811.55,-3.0,-0.1659
2021-02-06,1612607400000,XAU,LBMA,USD,1808.55,1808.55,0.0,0.0
2021-02-07,1612693800000,XAU,LBMA,USD,1808.55,1808.55,0.0,0.0
2021-02-08,1612780200000,XAU,LBMA,USD,1811.65,1808.55,3.1,0.1711
2021-02-09,1612866600000,XAU,LBMA,USD,1846.55,1811.65,34.9,1.89
2021-02-10,1612953000000,XAU,LBMA,USD,1843.45,1846.55,-3.1,-0.1682
2021-02-11,1613039400000,XAU,LBMA,USD,1841.7,1843.45,-1.75,-0.095
2021-02-12,1613125800000,XAU,LBMA,USD,1818.0,1841.7,-23.7,-1.3036
2021-02-13,1613212200000,XAU,LBMA,USD,1818.0,1818.0,0.0,0.0
2021-02-14,1613298600000,XAU,LBMA,USD,1818.0,1818.0,0.0,0.0
2021-02-15,1613385000000,XAU,LBMA,USD,1817.45,1818.0,-0.55,-0.0303
2021-02-16,1613471400000,XAU,LBMA,USD,1823.45,1817.45,6.0,0.329
2021-02-17,1613557800000,XAU,LBMA,USD,1788.85,1823.45,-34.6,-1.9342
2021-02-18,1613644200000,XAU,LBMA,USD,1782.8,1788.85,-6.05,-0.3394
2021-02-19,1613730600000,XAU,LBMA,USD,1773.75,1782.8,-9.05,-0.5102
2021-02-20,1613817000000,XAU,LBMA,USD,1773.75,1773.75,0.0,0.0
2021-02-21,1613903400000,XAU,LBMA,USD,1773.75,1773.75,0.0,0.0
2021-02-22,1613989800000,XAU,LBMA,USD,1798.8,1773.75,25.05,1.3926
2021-02-23,1614076200000,XAU,LBMA,USD,1809.5,1798.8,10.7,0.5913
2021-02-24,1614162600000,XAU,LBMA,USD,1807.25,1809.5,-2.25,-0.1245
2021-02-25,1614249000000,XAU,LBMA,USD,1792.1,1807.25,-15.15,-0.8454
2021-02-26,1614335400000,XAU,LBMA,USD,1765.1,1792.1,-27.0,-1.5297
2021-02-27,1614421800000,XAU,LBMA,USD,1765.1,1765.1,0.0,0.0
2021-02-28,1614508200000,XAU,LBMA,USD,1765.1,1765.1,0.0,0.0
2021-03-01,1614594600000,XAU,LBMA,USD,1746.95,1765.1,-18.15,-1.039
2021-03-02,1614681000000,XAU,LBMA,USD,1728.5,1746.95,-18.45,-1.0674
2021-03-03,1614767400000,XAU,LBMA,USD,1727.05,1728.5,-1.45,-0.084
2021-03-04,1614853800000,XAU,LBMA,USD,1710.05,1727.05,-17.0,-0.9941
2021-03-05,1614940200000,XAU,LBMA,USD,1696.05,1710.05,-14.0,-0.8254
2021-03-06,1615026600000,XAU,LBMA,USD,1696.05,1696.05,0.0,0.0
2021-03-07,1615113000000,XAU,LBMA,USD,1696.05,1696.05,0.0,0.0
2021-03-08,1615199400000,XAU,LBMA,USD,1694.45,1696.05,-1.6,-0.0944
2021-03-09,1615285800000,XAU,LBMA,USD,1702.85,1694.45,8.4,0.4933
2021-03-10,1615372200000,XAU,LBMA,USD,1711.5,1702.85,8.65,0.5054
2021-03-11,1615458600000,XAU,LBMA,USD,1736.35,1711.5,24.85,1.4312
2021-03-12,1615545000000,XAU,LBMA,USD,1703.85,1736.35,-32.5,-1.9074
2021-03-13,1615631400000,XAU,LBMA,USD,1703.85,1703.85,0.0,0.0
2021-03-14,1615717800000,XAU,LBMA,USD,1703.85,1703.85,0.0,0.0
2021-03-15,1615804200000,XAU,LBMA,USD,1727.9,1703.85,24.05,1.3919
2021-03-16,1615890600000,XAU,LBMA,USD,1732.3,1727.9,4.4,0.254
2021-03-17,1615977000000,XAU,LBMA,USD,1736.95,1732.3,4.65,0.2677
2021-03-18,1616063400000,XAU,LBMA,USD,1734.1,1736.95,-2.85,-0.1644
2021-03-19,1616149800000,XAU,LBMA,USD,1737.2,1734.1,3.1,0.1784
2021-03-20,1616236200000,XAU,LBMA,USD,1737.2,1737.2,0.0,0.0
2021-03-21,1616322600000,XAU,LBMA,USD,1737.2,1737.2,0.0,0.0
2021-03-22,1616409000000,XAU,LBMA,USD,1733.4,1737.2,-3.8,-0.2192
2021-03-23,1616495400000,XAU,LBMA,USD,1739.25,1733.4,5.85,0.3364
2021-03-24,1616581800000,XAU,LBMA,USD,1734.05,1739.25,-5.2,-0.2999
2021-03-25,1616668200000,XAU,LBMA,USD,1729.2,1734.05,-4.85,-0.2805
2021-03-26,1616754600000,XAU,LBMA,USD,1727.85,1729.2,-1.35,-0.0781
2021-03-27,1616841000000,XAU,LBMA,USD,1727.85,1727.85,0.0,0.0
2021-03-28,1616923800000,XAU,LBMA,USD,1727.85,1727.85,0.0,0.0
2021-03-29,1617010200000,XAU,LBMA,USD,1723.95,1727.85,-3.9,-0.2262
2021-03-30,1617096600000,XAU,LBMA,USD,1696.7,1723.95,-27.25,-1.6061
2021-03-31,1617183000000,XAU,LBMA,USD,1685.35,1696.7,-11.35,-0.6735
2021-04-01,1617269400000,XAU,LBMA,USD,1715.85,1685.35,30.5,1.7775
2021-04-02,1617355800000,XAU,LBMA,USD,1715.85,1715.85,0.0,0.0
2021-04-03,1617442200000,XAU,LBMA,USD,1715.85,1715.85,0.0,0.0
2021-04-04,1617528600000,XAU,LBMA,USD,1715.85,1715.85,0.0,0.0
2021-04-05,1617615000000,XAU,LBMA,USD,1715.85,1715.85,0.0,0.0
2021-04-06,1617701400000,XAU,LBMA,USD,1731.05,1715.85,15.2,0.8781
2021-04-07,1617787800000,XAU,LBMA,USD,1736.0,1731.05,4.95,0.2851
2021-04-08,1617874200000,XAU,LBMA,USD,1743.7,1736.0,7.7,0.4416
2021-04-09,1617960600000,XAU,LBMA,USD,1747.95,1743.7,4.25,0.2431
2021-04-10,1618047000000,XAU,LBMA,USD,1747.95,1747.95,0.0,0.0
2021-04-11,1618133400000,XAU,LBMA,USD,1747.95,1747.95,0.0,0.0
2021-04-12,1618219800000,XAU,LBMA,USD,1741.55,1747.95,-6.4,-0.3675
2021-04-13,1618306200000,XAU,LBMA,USD,1728.1,1741.55,-13.45,-0.7783
2021-04-14,1618392600000,XAU,LBMA,USD,1743.3,1728.1,15.2,0.8719
2021-04-15,1618479000000,XAU,LBMA,USD,1748.0,1743.3,4.7,0.2689
2021-04-16,1618565400000,XAU,LBMA,USD,1766.45,1748.0,18.45,1.0445
2021-04-17,1618651800000,XAU,LBMA,USD,1766.45,1766.45,0.0,0.0
2021-04-18,1618738200000,XAU,LBMA,USD,1766.45,1766.45,0.0,0.0
2021-04-19,1618824600000,XAU,LBMA,USD,1788.4,1766.45,21.95,1.2274
2021-04-20,1618911000000,XAU,LBMA,USD,1765.5,1788.4,-22.9,-1.2971
2021-04-21,1618997400000,XAU,LBMA,USD,1781.05,1765.5,15.55,0.8731
2021-04-22,1619083800000,XAU,LBMA,USD,1785.65,1781.05,4.6,0.2576
2021-04-23,1619170200000,XAU,LBMA,USD,1785.3,1785.65,-0.35,-0.0196
2021-04-24,1619256600000,XAU,LBMA,USD,1785.3,1785.3,0.0,0.0
2021-04-25,1619343000000,XAU,LBMA,USD,1785.3,1785.3,0.0,0.0
2021-04-26,1619429400000,XAU,LBMA,USD,1779.65,1785.3,-5.65,-0.3175
2021-04-27,1619515800000,XAU,LBMA,USD,1780.9,1779.65,1.25,0.0702
2021-04-28,1619602200000,XAU,LBMA,USD,1764.15,1780.9,-16.75,-0.9495
2021-04-29,1619688600000,XAU,LBMA,USD,1774.65,1764.15,10.5,0.5917
2021-04-30,1619775000000,XAU,LBMA,USD,1768.8,1774.65,-5.85,-0.3307
2021-05-01,1619861400000,XAU,LBMA,USD,1768.8,1768.8,0.0,0.0
2021-05-02,1619947800000,XAU,LBMA,USD,1768.8,1768.8,0.0,0.0
2021-05-03,1620034200000,XAU,LBMA,USD,1768.8,1768.8,0.0,0.0
2021-05-04,1620120600000,XAU,LBMA,USD,1784.95,1768.8,16.15,0.9048
2021-05-05,1620207000000,XAU,LBMA,USD,1778.05,1784.95,-6.9,-0.3881
2021-05-06,1620293400000,XAU,LBMA,USD,1793.15,1778.05,15.1,0.8421
2021-05-07,1620379800000,XAU,LBMA,USD,1820.5,1793.15,27.35,1.5023
2021-05-08,1620466200000,XAU,LBMA,USD,1820.5,1820.5,0.0,0.0
2021-05-09,1620552600000,XAU,LBMA,USD,1820.5,1820.5,0.0,0.0
2021-05-10,1620639000000,XAU,LBMA,USD,1834.15,1820.5,13.65,0.7442
2021-05-11,1620725400000,XAU,LBMA,USD,1837.15,1834.15,3.0,0.1633
2021-05-12,1620811800000,XAU,LBMA,USD,1833.6,1837.15,-3.55,-0.1936
2021-05-13,1620898200000,XAU,LBMA,USD,1814.3,1833.6,-19.3,-1.0638
2021-05-14,1620984600000,XAU,LBMA,USD,1833.5,1814.3,19.2,1.0472
2021-05-15,1621071000000,XAU,LBMA,USD,1833.5,1833.5,0.0,0.0
2021-05-16,1621157400000,XAU,LBMA,USD,1833.5,1833.5,0.0,0.0
2021-05-17,1621243800000,XAU,LBMA,USD,1848.45,1833.5,14.95,0.8088
2021-05-18,1621330200000,XAU,LBMA,USD,1867.4,1848.45,18.95,1.0148
2021-05-19,1621416600000,XAU,LBMA,USD,1860.0,1867.4,-7.4,-0.3978
2021-05-20,1621503000000,XAU,LBMA,USD,1869.35,1860.0,9.35,0.5002
2021-05-21,1621589400000,XAU,LBMA,USD,1877.65,1869.35,8.3,0.442
2021-05-22,1621675800000,XAU,LBMA,USD,1877.65,1877.65,0.0,0.0
2021-05-23,1621762200000,XAU,LBMA,USD,1877.65,1877.65,0.0,0.0
2021-05-24,1621848600000,XAU,LBMA,USD,1876.85,1877.65,-0.8,-0.0426
2021-05-25,1621935000000,XAU,LBMA,USD,1882.8,1876.85,5.95,0.316
2021-05-26,1622021400000,XAU,LBMA,USD,1904.3,1882.8,21.5,1.129
2021-05-27,1622107800000,XAU,LBMA,USD,1895.05,1904.3,-9.25,-0.4881
2021-05-28,1622194200000,XAU,LBMA,USD,1892.45,1895.05,-2.6,-0.1374
2021-05-29,1622280600000,XAU,LBMA,USD,1892.45,1892.45,0.0,0.0
2021-05-30,1622367000000,XAU,LBMA,USD,1892.45,1892.45,0.0,0.0
2021-05-31,1622453400000,XAU,LBMA,USD,1892.45,1892.45,0.0,0.0
2021-06-01,1622539800000,XAU,LBMA,USD,1907.7,1892.45,15.25,0.7994
2021-06-02,1622626200000,XAU,LBMA,USD,1895.9,1907.7,-11.8,-0.6224
2021-06-03,1622712600000,XAU,LBMA,USD,1892.15,1895.9,-3.75,-0.1982
2021-06-04,1622799000000,XAU,LBMA,USD,1869.55,1892.15,-22.6,-1.2088
2021-06-05,1622885400000,XAU,LBMA,USD,1869.55,1869.55,0.0,0.0
2021-06-06,1622971800000,XAU,LBMA,USD,1869.55,1869.55,0.0,0.0
2021-06-07,1623058200000,XAU,LBMA,USD,1882.05,1869.55,12.5,0.6642
2021-06-08,1623144600000,XAU,LBMA,USD,1892.05,1882.05,10.0,0.5285
2021-06-09,1623231000000,XAU,LBMA,USD,1890.45,1892.05,-1.6,-0.0846
2021-06-10,1623317400000,XAU,LBMA,USD,1882.0,1890.45,-8.45,-0.449
2021-06-11,1623403800000,XAU,LBMA,USD,1891.95,1882.0,9.95,0.5259
2021-06-12,1623490200000,XAU,LBMA,USD,1891.95,1891.95,0.0,0.0
2021-06-13,1623576600000,XAU,LBMA,USD,1891.95,1891.95,0.0,0.0
2021-06-14,1623663000000,XAU,LBMA,USD,1859.75,1891.95,-32.2,-1.7314
2021-06-15,1623749400000,XAU,LBMA,USD,1863.85,1859.75,4.1,0.22
2021-06-16,1623835800000,XAU,LBMA,USD,1858.1,1863.85,-5.75,-0.3095
2021-06-17,1623922200000,XAU,LBMA,USD,1806.75,1858.1,-51.35,-2.8421
2021-06-18,1624008600000,XAU,LBMA,USD,1792.35,1806.75,-14.4,-0.8034
2021-06-19,1624095000000,XAU,LBMA,USD,1792.35,1792.35,0.0,0.0
2021-06-20,1624181400000,XAU,LBMA,USD,1792.35,1792.35,0.0,0.0
2021-06-21,1624267800000,XAU,LBMA,USD,1782.45,1792.35,-9.9,-0.5554
2021-06-22,1624354200000,XAU,LBMA,USD,1779.1,1782.45,-3.35,-0.1883
2021-06-23,1624440600000,XAU,LBMA,USD,1782.9,1779.1,3.8,0.2131
2021-06-24,1624527000000,XAU,LBMA,USD,1780.2,1782.9,-2.7,-0.1517
2021-06-25,1624613400000,XAU,LBMA,USD,1783.25,1780.2,3.05,0.171
2021-06-26,1624699800000,XAU,LBMA,USD,1783.25,1783.25,0.0,0.0
2021-06-27,1624786200000,XAU,LBMA,USD,1783.25,1783.25,0.0,0.0
2021-06-28,1624872600000,XAU,LBMA,USD,1774.25,1783.25,-9.0,-0.5073
2021-06-29,1624959000000,XAU,LBMA,USD,1769.6,1774.25,-4.65,-0.2628
2021-06-30,1625045400000,XAU,LBMA,USD,1757.8,1769.6,-11.8,-0.6713
2021-07-01,1625131800000,XAU,LBMA,USD,1774.0,1757.8,16.2,0.9132
2021-07-02,1625218200000,XAU,LBMA,USD,1783.5,1774.0,9.5,0.5327
2021-07-03,1625304600000,XAU,LBMA,USD,1783.5,1783.5,0.0,0.0
2021-07-04,1625391000000,XAU,LBMA,USD,1783.5,1783.5,0.0,0.0
2021-07-05,1625477400000,XAU,LBMA,USD,1790.95,1783.5,7.45,0.416
2021-07-06,1625563800000,XAU,LBMA,USD,1807.8,1790.95,16.85,0.9321
2021-07-07,1625650200000,XAU,LBMA,USD,1804.25,1807.8,-3.55,-0.1968
2021-07-08,1625736600000,XAU,LBMA,USD,1810.25,1804.25,6.0,0.3314
2021-07-09,1625823000000,XAU,LBMA,USD,1803.4,1810.25,-6.85,-0.3798
2021-07-10,1625909400000,XAU,LBMA,USD,1803.4,1803.4,0.0,0.0
2021-07-11,1625995800000,XAU,LBMA,USD,1803.4,1803.4,0.0,0.0
2021-07-12,1626082200000,XAU,LBMA,USD,1802.95,1803.4,-0.45,-0.025
2021-07-13,1626168600000,XAU,LBMA,USD,1807.85,1802.95,4.9,0.271
2021-07-14,1626255000000,XAU,LBMA,USD,1813.05,1807.85,5.2,0.2868
2021-07-15,1626341400000,XAU,LBMA,USD,1832.0,1813.05,18.95,1.0344
2021-07-16,1626427800000,XAU,LBMA,USD,1822.0,1832.0,-10.0,-0.5488
2021-07-17,1626514200000,XAU,LBMA,USD,1822.0,1822.0,0.0,0.0
2021-07-18,1626600600000,XAU,LBMA,USD,1822.0,1822.0,0.0,0.0
2021-07-19,1626687000000,XAU,LBMA,USD,1803.25,1822.0,-18.75,-1.0398
2021-07-20,1626773400000,XAU,LBMA,USD,1815.3,1803.25,12.05,0.6638
2021-07-21,1626859800000,XAU,LBMA,USD,1805.9,1815.3,-9.4,-0.5205
2021-07-22,1626946200000,XAU,LBMA,USD,1797.4,1805.9,-8.5,-0.4729
2021-07-23,1627032600000,XAU,LBMA,USD,1803.05,1797.4,5.65,0.3134
2021-07-24,1627119000000,XAU,LBMA,USD,1803.05,1803.05,0.0,0.0
2021-07-25,1627205400000,XAU,LBMA,USD,1803.05,1803.05,0.0,0.0
2021-07-26,1627291800000,XAU,LBMA,USD,1808.15,1803.05,5.1,0.2821
2021-07-27,1627378200000,XAU,LBMA,USD,1797.15,1808.15,-11.0,-0.6121
2021-07-28,1627464600000,XAU,LBMA,USD,1799.3,1797.15,2.15,0.1195
2021-07-29,1627551000000,XAU,LBMA,USD,1819.45,1799.3,20.15,1.1075
2021-07-30,1627637400000,XAU,LBMA,USD,1828.25,1819.45,8.8,0.4813
2021-07-31,1627723800000,XAU,LBMA,USD,1828.25,1828.25,0.0,0.0
2021-08-01,1627810200000,XAU,LBMA,USD,1828.25,1828.25,0.0,0.0
2021-08-02,1627896600000,XAU,LBMA,USD,1807.55,1828.25,-20.7,-1.1452
2021-08-03,1627983000000,XAU,LBMA,USD,1809.7,1807.55,2.15,0.1188
2021-08-04,1628069400000,XAU,LBMA,USD,1812.45,1809.7,2.75,0.1517
2021-08-05,1628155800000,XAU,LBMA,USD,1811.2,1812.45,-1.25,-0.069
2021-08-06,1628242200000,XAU,LBMA,USD,1799.45,1811.2,-11.75,-0.653
2021-08-07,1628328600000,XAU,LBMA,USD,1799.45,1799.45,0.0,0.0
2021-08-08,1628415000000,XAU,LBMA,USD,1799.45,1799.45,0.0,0.0
2021-08-09,1628501400000,XAU,LBMA,USD,1741.5,1799.45,-57.95,-3.3276
2021-08-10,1628587800000,XAU,LBMA,USD,1729.55,1741.5,-11.95,-0.6909
2021-08-11,1628674200000,XAU,LBMA,USD,1734.05,1729.55,4.5,0.2595
2021-08-12,1628760600000,XAU,LBMA,USD,1755.5,1734.05,21.45,1.2219
2021-08-13,1628847000000,XAU,LBMA,USD,1757.65,1755.5,2.15,0.1223
2021-08-14,1628933400000,XAU,LBMA,USD,1757.65,1757.65,0.0,0.0
2021-08-15,1629019800000,XAU,LBMA,USD,1757.65,1757.65,0.0,0.0
2021-08-16,1629106200000,XAU,LBMA,USD,1775.75,1757.65,18.1,1.0193
2021-08-17,1629192600000,XAU,LBMA,USD,1794.05,1775.75,18.3,1.02
2021-08-18,1629279000000,XAU,LBMA,USD,1788.1,1794.05,-5.95,-0.3328
2021-08-19,1629365400000,XAU,LBMA,USD,1788.2,1788.1,0.1,0.0056
2021-08-20,1629451800000,XAU,LBMA,USD,1782.95,1788.2,-5.25,-0.2945
2021-08-21,1629538200000,XAU,LBMA,USD,1782.95,1782.95,0.0,0.0
2021-08-22,1629624600000,XAU,LBMA,USD,1782.95,1782.95,0.0,0.0
2021-08-23,1629711000000,XAU,LBMA,USD,1786.9,1782.95,3.95,0.2211
2021-08-24,1629797400000,XAU,LBMA,USD,1802.95,1786.9,16.05,0.8902
2021-08-25,1629883800000,XAU,LBMA,USD,1794.7,1802.95,-8.25,-0.4597
2021-08-26,1629970200000,XAU,LBMA,USD,1783.8,1794.7,-10.9,-0.6111
2021-08-27,1630056600000,XAU,LBMA,USD,1795.5,1783.8,11.7,0.6516
2021-08-28,1630143000000,XAU,LBMA,USD,1795.5,1795.5,0.0,0.0
2021-08-29,1630229400000,XAU,LBMA,USD,1795.5,1795.5,0.0,0.0
2021-08-30,1630315800000,XAU,LBMA,USD,1795.5,1795.5,0.0,0.0
2021-08-31,1630402200000,XAU,LBMA,USD,1814.3,1795.5,18.8,1.0362
2021-09-01,1630488600000,XAU,LBMA,USD,1813.9,1814.3,-0.4,-0.0221
2021-09-02,1630575000000,XAU,LBMA,USD,1815.15,1813.9,1.25,0.0689
2021-09-03,1630661400000,XAU,LBMA,USD,1812.05,1815.15,-3.1,-0.1711
2021-09-04,1630747800000,XAU,LBMA,USD,1812.05,1812.05,0.0,0.0
2021-09-05,1630834200000,XAU,LBMA,USD,1812.05,1812.05,0.0,0.0
2021-09-06,1630920600000,XAU,LBMA,USD,1823.85,1812.05,11.8,0.647
2021-09-07,1631007000000,XAU,LBMA,USD,1810.75,1823.85,-13.1,-0.7235
2021-09-08,1631093400000,XAU,LBMA,USD,1797.95,1810.75,-12.8,-0.7119
2021-09-09,1631179800000,XAU,LBMA,USD,1795.35,1797.95,-2.6,-0.1448
2021-09-10,1631266200000,XAU,LBMA,USD,1799.9,1795.35,4.55,0.2528
2021-09-11,1631352600000,XAU,LBMA,USD,1799.9,1799.9,0.0,0.0
2021-09-12,1631439000000,XAU,LBMA,USD,1799.9,1799.9,0.0,0.0
2021-09-13,1631525400000,XAU,LBMA,USD,1787.85,1799.9,-12.05,-0.674
2021-09-14,1631611800000,XAU,LBMA,USD,1788.65,1787.85,0.8,0.0447
2021-09-15,1631698200000,XAU,LBMA,USD,1801.4,1788.65,12.75,0.7078
2021-09-16,1631784600000,XAU,LBMA,USD,1781.45,1801.4,-19.95,-1.1199
2021-09-17,1631871000000,XAU,LBMA,USD,1766.1,1781.45,-15.35,-0.8691
2021-09-18,1631957400000,XAU,LBMA,USD,1766.1,1766.1,0.0,0.0
2021-09-19,1632043800000,XAU,LBMA,USD,1766.1,1766.1,0.0,0.0
2021-09-20,1632130200000,XAU,LBMA,USD,1757.15,1766.1,-8.95,-0.5093
2021-09-21,1632216600000,XAU,LBMA,USD,1766.45,1757.15,9.3,0.5265
2021-09-22,1632303000000,XAU,LBMA,USD,1775.35,1766.45,8.9,0.5013
2021-09-23,1632389400000,XAU,LBMA,USD,1771.05,1775.35,-4.3,-0.2428
2021-09-24,1632475800000,XAU,LBMA,USD,1755.15,1771.05,-15.9,-0.9059
2021-09-25,1632562200000,XAU,LBMA,USD,1755.15,1755.15,0.0,0.0
2021-09-26,1632648600000,XAU,LBMA,USD,1755.15,1755.15,0.0,0.0
2021-09-27,1632735000000,XAU,LBMA,USD,1749.15,1755.15,-6.0,-0.343
2021-09-28,1632821400000,XAU,LBMA,USD,1739.65,1749.15,-9.5,-0.5461
2021-09-29,1632907800000,XAU,LBMA,USD,1741.65,1739.65,2.0,0.1148
2021-09-30,1632994200000,XAU,LBMA,USD,1741.65,1741.65,0.0,0.0
2021-10-01,1633080600000,XAU,LBMA,USD,1741.65,1741.65,0.0,0.0
2021-10-02,1633167000000,XAU,LBMA,USD,1741.65,1741.65,0.0,0.0
2021-10-03,1633253400000,XAU,LBMA,USD,1741.65,1741.65,0.0,0.0
2021-10-04,1633339800000,XAU,LBMA,USD,1741.65,1741.65,0.0,0.0
2021-10-05,1633426200000,XAU,LBMA,USD,1741.65,1741.65,0.0,0.0
2021-10-06,1633512600000,XAU,LBMA,USD,1741.65,1741.65,0.0,0.0
2021-10-07,1633599000000,XAU,LBMA,USD,1758.55,1741.65,16.9,0.961
2021-10-08,1633685400000,XAU,LBMA,USD,1757.5,1758.55,-1.05,-0.0597
2021-10-09,1633771800000,XAU,LBMA,USD,1757.5,1757.5,0.0,0.0
2021-10-10,1633858200000,XAU,LBMA,USD,1757.5,1757.5,0.0,0.0
2021-10-11,1633944600000,XAU,LBMA,USD,1752.55,1757.5,-4.95,-0.2824
2021-10-12,1634031000000,XAU,LBMA,USD,1759.1,1752.55,6.55,0.3723
2021-10-13,1634117400000,XAU,LBMA,USD,1767.45,1759.1,8.35,0.4724
2021-10-14,1634203800000,XAU,LBMA,USD,1797.15,1767.45,29.7,1.6526
2021-10-15,1634290200000,XAU,LBMA,USD,1781.45,1797.15,-15.7,-0.8813
2021-10-16,1634376600000,XAU,LBMA,USD,1781.45,1781.45,0.0,0.0
2021-10-17,1634463000000,XAU,LBMA,USD,1781.45,1781.45,0.0,0.0
2021-10-18,1634549400000,XAU,LBMA,USD,1762.45,1781.45,-19.0,-1.078
2021-10-19,1634635800000,XAU,LBMA,USD,1779.4,1762.45,16.95,0.9526
2021-10-20,1634722200000,XAU,LBMA,USD,1778.15,1779.4,-1.25,-0.0703
2021-10-21,1634808600000,XAU,LBMA,USD,1785.3,1778.15,7.15,0.4005
2021-10-22,1634895000000,XAU,LBMA,USD,1792.3,1785.3,7.0,0.3906
2021-10-23,1634981400000,XAU,LBMA,USD,1792.3,1792.3,0.0,0.0
2021-10-24,1635067800000,XAU,LBMA,USD,1792.3,1792.3,0.0,0.0
2021-10-25,1635154200000,XAU,LBMA,USD,1799.2,1792.3,6.9,0.3835
2021-10-26,1635240600000,XAU,LBMA,USD,1801.9,1799.2,2.7,0.1498
2021-10-27,1635327000000,XAU,LBMA,USD,1783.85,1801.9,-18.05,-1.0119
2021-10-28,1635413400000,XAU,LBMA,USD,1798.2,1783.85,14.35,0.7979999999999999
2021-10-29,1635499800000,XAU,LBMA,USD,1796.3,1798.2,-1.9,-0.1058
2021-10-30,1635586200000,XAU,LBMA,USD,1796.3,1796.3,0.0,0.0
2021-10-31,1635676200000,XAU,LBMA,USD,1796.3,1796.3,0.0,0.0
2021-11-01,1635762600000,XAU,LBMA,USD,1786.55,1796.3,-9.75,-0.5457
2021-11-02,1635849000000,XAU,LBMA,USD,1791.5,1786.55,4.95,0.2763
2021-11-03,1635935400000,XAU,LBMA,USD,1781.85,1791.5,-9.65,-0.5416
2021-11-04,1636021800000,XAU,LBMA,USD,1778.1,1781.85,-3.75,-0.2109
2021-11-05,1636108200000,XAU,LBMA,USD,1793.2,1778.1,15.1,0.8421
2021-11-06,1636194600000,XAU,LBMA,USD,1793.2,1793.2,0.0,0.0
2021-11-07,1636281000000,XAU,LBMA,USD,1793.2,1793.2,0.0,0.0
2021-11-08,1636367400000,XAU,LBMA,USD,1818.0,1793.2,24.8,1.3641
2021-11-09,1636453800000,XAU,LBMA,USD,1824.4,1818.0,6.4,0.3508
2021-11-10,1636540200000,XAU,LBMA,USD,1824.95,1824.4,0.55,0.0301
2021-11-11,1636626600000,XAU,LBMA,USD,1859.25,1824.95,34.3,1.8448
2021-11-12,1636713000000,XAU,LBMA,USD,1850.0,1859.25,-9.25,-0.5
2021-11-13,1636799400000,XAU,LBMA,USD,1850.0,1850.0,0.0,0.0
2021-11-14,1636885800000,XAU,LBMA,USD,1850.0,1850.0,0.0,0.0
2021-11-15,1636972200000,XAU,LBMA,USD,1863.8,1850.0,13.8,0.7404
2021-11-16,1637058600000,XAU,LBMA,USD,1872.25,1863.8,8.45,0.4513
2021-11-17,1637145000000,XAU,LBMA,USD,1858.45,1872.25,-13.8,-0.7426
2021-11-18,1637231400000,XAU,LBMA,USD,1860.5,1858.45,2.05,0.1102
2021-11-19,1637317800000,XAU,LBMA,USD,1861.4,1860.5,0.9,0.0484
2021-11-20,1637404200000,XAU,LBMA,USD,1861.4,1861.4,0.0,0.0
2021-11-21,1637490600000,XAU,LBMA,USD,1861.4,1861.4,0.0,0.0
2021-11-22,1637577000000,XAU,LBMA,USD,1841.1,1861.4,-20.3,-1.1026
2021-11-23,1637663400000,XAU,LBMA,USD,1797.3,1841.1,-43.8,-2.437
2021-11-24,1637749800000,XAU,LBMA,USD,1790.8,1797.3,-6.5,-0.363
2021-11-25,1637836200000,XAU,LBMA,USD,1790.65,1790.8,-0.15,-0.0084
2021-11-26,1637922600000,XAU,LBMA,USD,1809.8,1790.65,19.15,1.0581
2021-11-27,1638009000000,XAU,LBMA,USD,1809.8,1809.8,0.0,0.0
2021-11-28,1638095400000,XAU,LBMA,USD,1809.8,1809.8,0.0,0.0
2021-11-29,1638181800000,XAU,LBMA,USD,1795.0,1809.8,-14.8,-0.8245
2021-11-30,1638268200000,XAU,LBMA,USD,1797.6,1795.0,2.6,0.1446
2021-12-01,1638354600000,XAU,LBMA,USD,1786.8,1797.6,-10.8,-0.6044
2021-12-02,1638441000000,XAU,LBMA,USD,1775.7,1786.8,-11.1,-0.6251
2021-12-03,1638527400000,XAU,LBMA,USD,1773.5,1775.7,-2.2,-0.124
2021-12-04,1638613800000,XAU,LBMA,USD,1773.5,1773.5,0.0,0.0
2021-12-05,1638700200000,XAU,LBMA,USD,1773.5,1773.5,0.0,0.0
2021-12-06,1638786600000,XAU,LBMA,USD,1781.25,1773.5,7.75,0.4351
2021-12-07,1638873000000,XAU,LBMA,USD,1779.65,1781.25,-1.6,-0.0899
2021-12-08,1638959400000,XAU,LBMA,USD,1789.8,1779.65,10.15,0.5671
2021-12-09,1639045800000,XAU,LBMA,USD,1783.4,1789.8,-6.4,-0.3589
2021-12-10,1639132200000,XAU,LBMA,USD,1771.9,1783.4,-11.5,-0.649
2021-12-11,1639218600000,XAU,LBMA,USD,1771.9,1771.9,0.0,0.0
2021-12-12,1639305000000,XAU,LBMA,USD,1771.9,1771.9,0.0,0.0
2021-12-13,1639391400000,XAU,LBMA,USD,1784.45,1771.9,12.55,0.7033
2021-12-14,1639477800000,XAU,LBMA,USD,1782.35,1784.45,-2.1,-0.1178
2021-12-15,1639564200000,XAU,LBMA,USD,1769.4,1782.35,-12.95,-0.7319
2021-12-16,1639650600000,XAU,LBMA,USD,1785.15,1769.4,15.75,0.8823
2021-12-17,1639737000000,XAU,LBMA,USD,1807.5,1785.15,22.35,1.2365
2021-12-18,1639823400000,XAU,LBMA,USD,1807.5,1807.5,0.0,0.0
2021-12-19,1639909800000,XAU,LBMA,USD,1807.5,1807.5,0.0,0.0
2021-12-20,1639996200000,XAU,LBMA,USD,1797.4,1807.5,-10.1,-0.5619
2021-12-21,1640082600000,XAU,LBMA,USD,1795.85,1797.4,-1.55,-0.0863
2021-12-22,1640169000000,XAU,LBMA,USD,1789.9,1795.85,-5.95,-0.3324
2021-12-23,1640255400000,XAU,LBMA,USD,1805.55,1789.9,15.65,0.8668
2021-12-24,1640341800000,XAU,LBMA,USD,1805.55,1805.55,0.0,0.0
2021-12-25,1640428200000,XAU,LBMA,USD,1805.55,1805.55,0.0,0.0
2021-12-26,1640514600000,XAU,LBMA,USD,1805.55,1805.55,0.0,0.0
2021-12-27,1640601000000,XAU,LBMA,USD,1805.55,1805.55,0.0,0.0
2021-12-28,1640687400000,XAU,LBMA,USD,1805.55,1805.55,0.0,0.0
2021-12-29,1640773800000,XAU,LBMA,USD,1796.35,1805.55,-9.2,-0.5121
2021-12-30,1640860200000,XAU,LBMA,USD,1799.25,1796.35,2.9,0.1612
2021-12-31,1640946600000,XAU,LBMA,USD,1799.25,1799.25,0.0,0.0
2022-01-01,1641033000000,XAU,LBMA,USD,1799.25,1799.25,0.0,0.0
2022-01-02,1641119400000,XAU,LBMA,USD,1799.25,1799.25,0.0,0.0
2022-01-03,1641205800000,XAU,LBMA,USD,1799.25,1799.25,0.0,0.0
2022-01-04,1641292200000,XAU,LBMA,USD,1809.05,1799.25,9.8,0.5417
2022-01-05,1641378600000,XAU,LBMA,USD,1818.5,1809.05,9.45,0.5197
2022-01-06,1641465000000,XAU,LBMA,USD,1804.95,1818.5,-13.55,-0.7507
2022-01-07,1641551400000,XAU,LBMA,USD,1792.2,1804.95,-12.75,-0.7114
